-- phpMyAdmin SQL Dump
-- version 3.3.3
-- http://www.phpmyadmin.net
--
-- Host: localhost:3306
-- Generation Time: Jan 02, 2012 at 06:51 PM
-- Server version: 5.1.54
-- PHP Version: 5.2.6

SET SQL_MODE="NO_AUTO_VALUE_ON_ZERO";


/*!40101 SET @OLD_CHARACTER_SET_CLIENT=@@CHARACTER_SET_CLIENT */;
/*!40101 SET @OLD_CHARACTER_SET_RESULTS=@@CHARACTER_SET_RESULTS */;
/*!40101 SET @OLD_COLLATION_CONNECTION=@@COLLATION_CONNECTION */;
/*!40101 SET NAMES utf8 */;

--
-- Database: `m_vg`
--

-- --------------------------------------------------------

--
-- Table structure for table `contact`
--

CREATE TABLE IF NOT EXISTS `contact` (
  `id` int(11) NOT NULL AUTO_INCREMENT,
  `comment` text,
  `author` varchar(255) DEFAULT NULL,
  `email` varchar(255) DEFAULT NULL,
  PRIMARY KEY (`id`)
) ENGINE=MyISAM  DEFAULT CHARSET=latin1 AUTO_INCREMENT=42 ;

--
-- Dumping data for table `contact`
--


-- --------------------------------------------------------

--
-- Table structure for table `dic`
--

CREATE TABLE IF NOT EXISTS `dic` (
  `id` int(11) NOT NULL AUTO_INCREMENT,
  `word` varchar(255) NOT NULL,
  `freq` int(11) NOT NULL,
  PRIMARY KEY (`id`)
) ENGINE=MyISAM  DEFAULT CHARSET=latin1 AUTO_INCREMENT=3265 ;

--
-- Dumping data for table `dic`
--

INSERT INTO `dic` (`id`, `word`, `freq`) VALUES
(2993, 'angel', 2),
(2994, 'ab', 1),
(2995, 'pull', 2),
(2996, 'up', 7),
(2997, 'air', 3),
(2998, 'shouldermount', 15),
(2999, 'shoulder', 1),
(3000, 'mount', 3),
(3001, 'walk', 4),
(3002, 'anchor', 1),
(3003, 'lift', 1),
(3004, 'variation', 7),
(3005, 'arc', 1),
(3006, 'armpit', 4),
(3007, 'cradle', 3),
(3008, 'arms', 2),
(3009, 'only', 2),
(3010, 'climb', 8),
(3011, 'pike', 3),
(3012, 'straddle', 6),
(3013, 'attitude', 8),
(3014, 'change', 5),
(3015, 'viva', 2),
(3016, 'slide', 5),
(3017, 'backspin', 1),
(3018, 'to', 6),
(3019, 'stag', 2),
(3020, 'backwards', 8),
(3021, 'roll', 3),
(3022, 'chair', 2),
(3023, 'hook', 7),
(3024, 'barbed', 2),
(3025, 'wire', 2),
(3026, 'basic', 1),
(3027, 'invert', 1),
(3028, 'bent', 1),
(3029, 'leg', 9),
(3030, 'crucifix', 5),
(3031, 'bird', 1),
(3032, 'blade', 1),
(3033, 'body', 2),
(3034, 'ripple', 2),
(3035, 'transition', 4),
(3036, 'bomb', 1),
(3037, 'boomerang', 3),
(3038, 'hold', 13),
(3039, 'elbow', 6),
(3040, 'grip', 19),
(3041, 'bouncing', 1),
(3042, 'bowed', 1),
(3043, 'handstand', 10),
(3044, 'box', 1),
(3045, 'splits', 9),
(3046, 'bracket', 2),
(3047, 'pose', 9),
(3048, 'brass', 4),
(3049, 'bridge', 4),
(3050, 'monkey', 6),
(3051, 'elbowstand', 1),
(3052, 'bud', 1),
(3053, 'bullet', 1),
(3054, 'spin', 6),
(3055, 'superman', 5),
(3056, 'bumslide', 2),
(3057, 'standing', 2),
(3058, 'butterfly', 6),
(3059, 'chinese', 7),
(3060, 'forearm', 1),
(3061, 'split', 9),
(3062, 'cartwheel', 1),
(3063, 'caterpillar', 1),
(3064, 'flag', 7),
(3065, 'legs', 4),
(3066, 'pole', 7),
(3067, 'chopper', 5),
(3068, 'chopsticks', 1),
(3069, 'cleopatra', 1),
(3070, 'figurehead', 1),
(3071, 'cross', 4),
(3072, 'l', 2),
(3073, 'crouching', 1),
(3074, 'snake', 2),
(3075, 'daphne', 1),
(3076, 'dark', 1),
(3077, 'pixie', 1),
(3078, 'dart', 1),
(3079, 'death', 1),
(3080, 'lay', 2),
(3081, 'dismount', 1),
(3082, 'one', 5),
(3083, 'armed', 2),
(3084, 'frodo', 2),
(3085, 'double', 2),
(3086, 'drama', 1),
(3087, 'queen', 1),
(3088, 'e', 1),
(3089, 'aysha', 5),
(3090, 'embrace', 1),
(3091, 'eros', 1),
(3092, 'explosion', 1),
(3093, 'extended', 6),
(3094, 'pencil', 6),
(3095, 'wrist', 1),
(3096, 'seat', 1),
(3097, 'fairy', 1),
(3098, 'ankle', 2),
(3099, 'release', 3),
(3100, 'abs', 2),
(3101, 'fireman', 2),
(3102, 'flatlined', 1),
(3103, 'scorpio', 4),
(3104, 'carousel', 5),
(3105, 'floating', 1),
(3106, 'ballerina', 2),
(3107, 'flyer', 1),
(3108, 'flying', 4),
(3109, 'cupid', 1),
(3110, 'k', 1),
(3111, 'showgirl', 4),
(3112, 'forward', 3),
(3113, 'forwards', 1),
(3114, 'frog', 1),
(3115, 'front', 4),
(3116, 'funky', 1),
(3117, 'gazelle', 1),
(3118, 'gemini', 3),
(3119, 'inside', 2),
(3120, 'hang', 4),
(3121, 'gold', 1),
(3122, 'rush', 1),
(3123, 'hair', 1),
(3124, 'flick', 1),
(3125, 'half', 2),
(3126, 'against', 1),
(3127, 'down', 5),
(3128, 'tough', 1),
(3129, 'hangman', 1),
(3130, 'headstand', 1),
(3131, 'hercules', 1),
(3132, 'into', 2),
(3133, 'hero', 1),
(3134, 'high', 2),
(3135, 'kick', 3),
(3136, 'hip', 7),
(3137, 'lock', 5),
(3138, 'drop', 2),
(3139, 'swivel', 1),
(3140, 'hood', 1),
(3141, 'ornament', 1),
(3142, 'rubber', 6),
(3143, 'iguana', 1),
(3144, 'inverted', 8),
(3145, 'bees', 1),
(3146, 'knees', 4),
(3147, 'd', 1),
(3148, 'scissors', 1),
(3149, 'jacknife', 2),
(3150, 'jade', 1),
(3151, 'jamilia', 1),
(3152, 'knee', 2),
(3153, 'swing', 1),
(3154, 'shaped', 1),
(3155, 'la', 1),
(3156, 'roue', 1),
(3157, 'back', 7),
(3158, 'plank', 2),
(3159, 'lean', 3),
(3160, 'lola', 1),
(3161, 'louise', 1),
(3162, 'marley', 1),
(3163, 'medusa', 1),
(3164, 'ninja', 1),
(3165, 'dangerous', 1),
(3166, 'brain', 1),
(3167, 'nutter', 1),
(3168, 'handed', 3),
(3169, 'bow', 3),
(3170, 'and', 4),
(3171, 'arrow', 3),
(3172, 'hander', 1),
(3173, 'peter', 1),
(3174, 'pan', 1),
(3175, 'pirouette', 3),
(3176, 'pointer', 1),
(3177, 'push', 1),
(3178, 'power', 1),
(3179, 'pretty', 1),
(3180, 'rest', 1),
(3181, 'reverse', 4),
(3182, 'outside', 1),
(3183, 'grab', 1),
(3184, 'rocketman', 1),
(3185, 'rockstar', 1),
(3186, 'fiona', 1),
(3187, 'marksmen', 3),
(3188, 'running', 1),
(3189, 'girl', 2),
(3190, 'russian', 1),
(3191, 'seated', 1),
(3192, 'spinner', 4),
(3193, 'sexy', 2),
(3194, 'bomber', 1),
(3195, 'sit', 3),
(3196, 'cupped', 1),
(3197, 'princess', 1),
(3198, 'repetition', 1),
(3199, 'respect', 1),
(3200, 'from', 1),
(3201, 'floor', 1),
(3202, 'side', 4),
(3203, 'skater', 2),
(3204, 'forarm', 1),
(3205, 'through', 2),
(3206, 'small', 1),
(3207, 'stand', 1),
(3208, 'spinning', 2),
(3209, 'style', 1),
(3210, 'v', 1),
(3211, 'star', 1),
(3212, 'stargazer', 1),
(3213, 'step', 4),
(3214, 'stokey', 1),
(3215, 'straight', 1),
(3216, 'edge', 1),
(3217, 'sumo', 1),
(3218, 'squat', 2),
(3219, 'swan', 1),
(3220, 'tabletop', 1),
(3221, 'teddy', 1),
(3222, 'jay', 1),
(3223, 'twisted', 5),
(3224, 'arch', 1),
(3225, 'candlestick', 1),
(3226, 'u', 1),
(3227, 'bend', 1),
(3228, 'hand', 1),
(3229, 'spring', 1),
(3230, 'twizzle', 1),
(3231, 'yogini', 1),
(3232, 'zig', 1),
(3233, 'zag', 1),
(3234, 'deadlift', 1),
(3235, 'hummingbird', 2),
(3236, 'full', 2),
(3237, 'no', 2),
(3238, 'tuck', 2),
(3239, 'fang', 4),
(3240, 'wide', 1),
(3241, 'spiral', 2),
(3242, 'crescent', 2),
(3243, 'icon', 2),
(3244, 'diva', 1),
(3245, 'legged', 1),
(3246, 'dive', 1),
(3247, 'flat', 1),
(3248, 'line', 1),
(3249, 'frisking', 1),
(3250, 'turn', 1),
(3251, 'strong', 1),
(3252, 'pine', 1),
(3253, 'superwoman', 2),
(3254, 'prance', 1),
(3255, 'windmill', 1),
(3256, 'ubervert', 1),
(3257, 'floater', 2),
(3258, 'panteras', 2),
(3259, 'version', 2),
(3260, 'layout', 1),
(3261, 'moon', 1),
(3262, 'eye', 1),
(3263, 'opener', 1),
(3264, 'donut', 2);

-- --------------------------------------------------------

--
-- Table structure for table `dicedit`
--

CREATE TABLE IF NOT EXISTS `dicedit` (
  `id` int(11) NOT NULL AUTO_INCREMENT,
  `word` varchar(255) NOT NULL,
  `freq` int(11) NOT NULL,
  PRIMARY KEY (`id`)
) ENGINE=MyISAM  DEFAULT CHARSET=latin1 AUTO_INCREMENT=2129 ;

--
-- Dumping data for table `dicedit`
--

INSERT INTO `dicedit` (`id`, `word`, `freq`) VALUES
(1863, 'angel', 2),
(1864, 'ab', 1),
(1865, 'pull', 2),
(1866, 'up', 7),
(1867, 'air', 3),
(1868, 'shouldermount', 15),
(1869, 'shoulder', 1),
(1870, 'mount', 3),
(1871, 'walk', 4),
(1872, 'anchor', 1),
(1873, 'lift', 1),
(1874, 'variation', 7),
(1875, 'arc', 1),
(1876, 'armpit', 4),
(1877, 'cradle', 3),
(1878, 'arms', 2),
(1879, 'only', 2),
(1880, 'climb', 8),
(1881, 'pike', 3),
(1882, 'straddle', 6),
(1883, 'attitude', 8),
(1884, 'change', 5),
(1885, 'viva', 2),
(1886, 'slide', 5),
(1887, 'backspin', 1),
(1888, 'to', 6),
(1889, 'stag', 2),
(1890, 'backwards', 8),
(1891, 'roll', 3),
(1892, 'chair', 2),
(1893, 'hook', 7),
(1894, 'barbed', 2),
(1895, 'wire', 2),
(1896, 'basic', 1),
(1897, 'invert', 1),
(1898, 'bent', 1),
(1899, 'leg', 9),
(1900, 'crucifix', 5),
(1901, 'bird', 1),
(1902, 'blade', 1),
(1903, 'body', 2),
(1904, 'ripple', 2),
(1905, 'transition', 4),
(1906, 'bomb', 1),
(1907, 'boomerang', 3),
(1908, 'hold', 13),
(1909, 'elbow', 6),
(1910, 'grip', 19),
(1911, 'bouncing', 1),
(1912, 'bowed', 1),
(1913, 'handstand', 10),
(1914, 'box', 1),
(1915, 'splits', 9),
(1916, 'bracket', 2),
(1917, 'pose', 9),
(1918, 'brass', 4),
(1919, 'bridge', 4),
(1920, 'monkey', 6),
(1921, 'elbowstand', 1),
(1922, 'bud', 1),
(1923, 'bullet', 1),
(1924, 'spin', 6),
(1925, 'superman', 5),
(1926, 'bumslide', 2),
(1927, 'standing', 2),
(1928, 'butterfly', 6),
(1929, 'chinese', 7),
(1930, 'forearm', 1),
(1931, 'split', 9),
(1932, 'cartwheel', 1),
(1933, 'caterpillar', 1),
(1934, 'flag', 7),
(1935, 'legs', 4),
(1936, 'pole', 7),
(1937, 'chopper', 5),
(1938, 'chopsticks', 1),
(1939, 'cleopatra', 1),
(1940, 'figurehead', 1),
(1941, 'cross', 4),
(1942, 'crouching', 1),
(1943, 'snake', 2),
(1944, 'daphne', 1),
(1945, 'dark', 1),
(1946, 'pixie', 1),
(1947, 'dart', 1),
(1948, 'death', 1),
(1949, 'lay', 2),
(1950, 'dismount', 1),
(1951, 'one', 5),
(1952, 'armed', 2),
(1953, 'frodo', 2),
(1954, 'double', 2),
(1955, 'drama', 1),
(1956, 'queen', 1),
(1957, 'aysha', 5),
(1958, 'embrace', 1),
(1959, 'eros', 1),
(1960, 'explosion', 1),
(1961, 'extended', 6),
(1962, 'pencil', 6),
(1963, 'wrist', 1),
(1964, 'seat', 1),
(1965, 'fairy', 1),
(1966, 'ankle', 2),
(1967, 'release', 3),
(1968, 'abs', 2),
(1969, 'fireman', 2),
(1970, 'flatlined', 1),
(1971, 'scorpio', 4),
(1972, 'carousel', 5),
(1973, 'floating', 1),
(1974, 'ballerina', 2),
(1975, 'flyer', 1),
(1976, 'flying', 4),
(1977, 'cupid', 1),
(1978, 'showgirl', 4),
(1979, 'forward', 3),
(1980, 'forwards', 1),
(1981, 'frog', 1),
(1982, 'front', 4),
(1983, 'funky', 1),
(1984, 'gazelle', 1),
(1985, 'gemini', 3),
(1986, 'inside', 2),
(1987, 'hang', 4),
(1988, 'gold', 1),
(1989, 'rush', 1),
(1990, 'hair', 1),
(1991, 'flick', 1),
(1992, 'half', 2),
(1993, 'against', 1),
(1994, 'down', 5),
(1995, 'tough', 1),
(1996, 'hangman', 1),
(1997, 'headstand', 1),
(1998, 'hercules', 1),
(1999, 'into', 2),
(2000, 'hero', 1),
(2001, 'high', 2),
(2002, 'kick', 3),
(2003, 'hip', 7),
(2004, 'lock', 5),
(2005, 'drop', 2),
(2006, 'swivel', 1),
(2007, 'hood', 1),
(2008, 'ornament', 1),
(2009, 'rubber', 6),
(2010, 'iguana', 1),
(2011, 'inverted', 8),
(2012, 'bees', 1),
(2013, 'knees', 4),
(2014, 'scissors', 1),
(2015, 'jacknife', 2),
(2016, 'jade', 1),
(2017, 'jamilia', 1),
(2018, 'knee', 2),
(2019, 'swing', 1),
(2020, 'shaped', 1),
(2021, 'la', 1),
(2022, 'roue', 1),
(2023, 'back', 7),
(2024, 'plank', 2),
(2025, 'lean', 3),
(2026, 'lola', 1),
(2027, 'louise', 1),
(2028, 'marley', 1),
(2029, 'medusa', 1),
(2030, 'ninja', 1),
(2031, 'dangerous', 1),
(2032, 'brain', 1),
(2033, 'nutter', 1),
(2034, 'handed', 3),
(2035, 'bow', 3),
(2036, 'and', 4),
(2037, 'arrow', 3),
(2038, 'hander', 1),
(2039, 'peter', 1),
(2040, 'pan', 1),
(2041, 'pirouette', 3),
(2042, 'pointer', 1),
(2043, 'push', 1),
(2044, 'power', 1),
(2045, 'pretty', 1),
(2046, 'rest', 1),
(2047, 'reverse', 4),
(2048, 'outside', 1),
(2049, 'grab', 1),
(2050, 'rocketman', 1),
(2051, 'rockstar', 1),
(2052, 'fiona', 1),
(2053, 'marksmen', 3),
(2054, 'running', 1),
(2055, 'girl', 2),
(2056, 'russian', 1),
(2057, 'seated', 1),
(2058, 'spinner', 4),
(2059, 'sexy', 2),
(2060, 'bomber', 1),
(2061, 'sit', 3),
(2062, 'cupped', 1),
(2063, 'princess', 1),
(2064, 'repetition', 1),
(2065, 'respect', 1),
(2066, 'from', 1),
(2067, 'floor', 1),
(2068, 'side', 4),
(2069, 'skater', 2),
(2070, 'forarm', 1),
(2071, 'through', 2),
(2072, 'small', 1),
(2073, 'stand', 1),
(2074, 'spinning', 2),
(2075, 'style', 1),
(2076, 'star', 1),
(2077, 'stargazer', 1),
(2078, 'step', 4),
(2079, 'stokey', 1),
(2080, 'straight', 1),
(2081, 'edge', 1),
(2082, 'sumo', 1),
(2083, 'squat', 2),
(2084, 'swan', 1),
(2085, 'tabletop', 1),
(2086, 'teddy', 1),
(2087, 'jay', 1),
(2088, 'twisted', 5),
(2089, 'arch', 1),
(2090, 'candlestick', 1),
(2091, 'bend', 1),
(2092, 'hand', 1),
(2093, 'spring', 1),
(2094, 'twizzle', 1),
(2095, 'yogini', 1),
(2096, 'zig', 1),
(2097, 'zag', 1),
(2098, 'deadlift', 1),
(2099, 'hummingbird', 2),
(2100, 'full', 2),
(2101, 'no', 2),
(2102, 'tuck', 2),
(2103, 'fang', 4),
(2104, 'wide', 1),
(2105, 'spiral', 2),
(2106, 'crescent', 2),
(2107, 'icon', 2),
(2108, 'diva', 1),
(2109, 'legged', 1),
(2110, 'dive', 1),
(2111, 'flat', 1),
(2112, 'line', 1),
(2113, 'frisking', 1),
(2114, 'turn', 1),
(2115, 'strong', 1),
(2116, 'pine', 1),
(2117, 'superwoman', 2),
(2118, 'prance', 1),
(2119, 'windmill', 1),
(2120, 'ubervert', 1),
(2121, 'floater', 2),
(2122, 'panteras', 2),
(2123, 'version', 2),
(2124, 'layout', 1),
(2125, 'moon', 1),
(2126, 'eye', 1),
(2127, 'opener', 1),
(2128, 'donut', 2);

-- --------------------------------------------------------

--
-- Table structure for table `othernames`
--

CREATE TABLE IF NOT EXISTS `othernames` (
  `id` int(11) NOT NULL AUTO_INCREMENT,
  `videoid` int(11) NOT NULL,
  `name` varchar(255) NOT NULL,
  `searchname` varchar(255) NOT NULL,
  PRIMARY KEY (`id`)
) ENGINE=MyISAM  DEFAULT CHARSET=utf8 AUTO_INCREMENT=499 ;

--
-- Dumping data for table `othernames`
--

INSERT INTO `othernames` (`id`, `videoid`, `name`, `searchname`) VALUES
(2, 3, 'Deadlift Shouldermount', 'deadlift shouldermount'),
(1, 1, 'Side Spin', 'side spin'),
(3, 7, 'Chinese Flag', 'chinese flag'),
(4, 13, 'Hummingbird', 'hummingbird'),
(5, 14, 'Back Kick', 'back kick'),
(6, 18, 'Backwards Showgirl', 'backwards showgirl'),
(7, 18, 'Backwards Spinner', 'backwards spinner'),
(8, 19, 'Backwards Carousel', 'backwards carousel'),
(9, 20, 'Cradle Splits', 'cradle splits'),
(10, 21, 'Cradle Full Bracket', 'cradle full bracket'),
(11, 28, 'No Handed Chopper Tuck', 'no handed chopper tuck'),
(12, 241, 'Armpit Hold &ndash; Fang', 'armpit hold fang'),
(13, 123, 'Armpit Hold &ndash; Front', 'armpit hold front'),
(14, 228, 'Armpit Hold &ndash; Straddle', 'armpit hold straddle'),
(15, 224, 'Back Slide &ndash; Wide Leg Squat', 'back slide wide leg squat'),
(16, 171, 'Back Spiral', 'back spiral'),
(17, 88, 'Carousel &ndash; Fang', 'carousel fang'),
(18, 29, 'Carousel &ndash; Straddle', 'carousel straddle'),
(19, 37, 'Crescent', 'crescent'),
(20, 126, 'Icon', 'icon'),
(21, 127, 'Icon Splits', 'icon splits'),
(22, 127, 'Diva', 'diva'),
(23, 104, 'Crucifix &ndash; Inverted (One Legged)', 'crucifix inverted one legged'),
(24, 184, 'Dive Up', 'dive up'),
(25, 71, 'Elbow Hold', 'elbow hold'),
(26, 30, 'Elbow Hold &ndash; Straddle', 'elbow hold straddle'),
(27, 81, 'Fireman', 'fireman'),
(28, 86, 'Flat Line', 'flat line'),
(29, 99, 'Frisking the pole', 'frisking pole'),
(30, 205, 'Forward Spinner', 'forward spinner'),
(31, 240, 'Full Turn Pirouette', 'full turn pirouette'),
(32, 134, 'Hip Hold &ndash; Split', 'hip hold split'),
(33, 36, 'Inverted Strong Hold', 'inverted strong hold'),
(34, 36, 'Inverted Back Hook', 'inverted back hook'),
(35, 55, 'Pin Up Girl &ndash; Side', 'pin up girl side'),
(36, 19, 'Backwards Showgirl Variation', 'backwards showgirl variation'),
(37, 19, 'Reverse Stag Spin', 'reverse stag spin'),
(38, 141, 'Reverse Superwoman', 'reverse superwoman'),
(39, 111, 'Shouldermount &ndash; Prance', 'shouldermount prance'),
(40, 21, 'Side Spiral', 'side spiral'),
(41, 225, 'Superwoman', 'superwoman'),
(42, 21, 'Tuck', 'tuck'),
(43, 20, 'Windmill Legs', 'windmill legs'),
(44, 237, '&Uuml;bervert', 'ubervert'),
(45, 87, 'Floater Transition', 'floater transition'),
(46, 88, 'Floater', 'floater'),
(47, 103, 'Gemini (Pantera&rsquo;s Version)', 'gemini panteras version'),
(48, 103, 'Scorpio', 'scorpio'),
(49, 170, 'Gemini', 'gemini'),
(50, 170, 'Scorpio (Pantera&rsquo;s Version)', 'scorpio panteras version'),
(51, 141, 'Layout', 'layout'),
(52, 57, 'Crescent Moon', 'crescent moon'),
(53, 79, 'Eye Opener', 'eye opener'),
(54, 82, 'Fang Abs', 'fang abs'),
(55, 83, 'Fang', 'fang'),
(56, 124, 'Hook', 'hook'),
(57, 136, 'Knees', 'knees'),
(58, 137, 'Knees Variation', 'knees variation'),
(59, 142, 'Lean back', 'lean back'),
(60, 152, 'No handed Bow and Arrow', 'no handed bow arrow'),
(61, 188, 'Shouldermount Roll Down', 'shouldermount roll down'),
(62, 66, 'Donut', 'donut'),
(63, 77, 'Extended Donut', 'extended donut'),
(64, 11, 'Knees Variation Change', 'knees variation change'),
(65, 11, 'Hummingbird Change', 'hummingbird change'),
(66, 0, '', ''),
(67, 0, '', ''),
(68, 0, '', ''),
(69, 0, '', ''),
(70, 0, '', ''),
(71, 0, '', ''),
(72, 0, '', ''),
(73, 0, '', ''),
(74, 0, '', ''),
(75, 0, '', ''),
(76, 0, '', ''),
(77, 0, '', ''),
(78, 0, '', ''),
(79, 0, '', ''),
(80, 0, '', ''),
(81, 0, '', ''),
(82, 0, '', ''),
(83, 0, '', ''),
(84, 0, '', ''),
(85, 0, '', ''),
(86, 0, '', ''),
(87, 0, '', ''),
(88, 0, '', ''),
(89, 0, '', ''),
(90, 0, '', ''),
(91, 0, '', ''),
(92, 0, '', ''),
(93, 0, '', ''),
(94, 0, '', ''),
(95, 0, '', ''),
(96, 0, '', ''),
(97, 0, '', ''),
(98, 0, '', ''),
(99, 0, '', ''),
(100, 0, '', ''),
(101, 0, '', ''),
(102, 0, '', ''),
(103, 0, '', ''),
(104, 0, '', ''),
(105, 0, '', ''),
(106, 0, '', ''),
(107, 0, '', ''),
(108, 0, '', ''),
(109, 0, '', ''),
(110, 0, '', ''),
(111, 0, '', ''),
(112, 0, '', ''),
(113, 0, '', ''),
(114, 0, '', ''),
(115, 0, '', ''),
(116, 0, '', ''),
(117, 0, '', ''),
(118, 0, '', ''),
(119, 0, '', ''),
(120, 0, '', ''),
(121, 0, '', ''),
(122, 0, '', ''),
(123, 0, '', ''),
(124, 0, '', ''),
(125, 0, '', ''),
(126, 0, '', ''),
(127, 0, '', ''),
(128, 0, '', ''),
(129, 0, '', ''),
(130, 0, '', ''),
(131, 0, '', ''),
(132, 0, '', ''),
(133, 0, '', ''),
(134, 0, '', ''),
(135, 0, '', ''),
(136, 0, '', ''),
(137, 0, '', ''),
(138, 0, '', ''),
(139, 0, '', ''),
(140, 0, '', ''),
(141, 0, '', ''),
(142, 0, '', ''),
(143, 0, '', ''),
(144, 0, '', ''),
(145, 0, '', ''),
(146, 0, '', ''),
(147, 0, '', ''),
(148, 0, '', ''),
(149, 0, '', ''),
(150, 0, '', ''),
(151, 0, '', ''),
(152, 0, '', ''),
(153, 0, '', ''),
(154, 0, '', ''),
(155, 0, '', ''),
(156, 0, '', ''),
(157, 0, '', ''),
(158, 0, '', ''),
(159, 0, '', ''),
(160, 0, '', ''),
(161, 0, '', ''),
(162, 0, '', ''),
(163, 0, '', ''),
(164, 0, '', ''),
(165, 0, '', ''),
(166, 0, '', ''),
(167, 0, '', ''),
(168, 0, '', ''),
(169, 0, '', ''),
(170, 0, '', ''),
(171, 0, '', ''),
(172, 0, '', ''),
(173, 0, '', ''),
(174, 0, '', ''),
(175, 0, '', ''),
(176, 0, '', ''),
(177, 0, '', ''),
(178, 0, '', ''),
(179, 0, '', ''),
(180, 0, '', ''),
(181, 0, '', ''),
(182, 0, '', ''),
(183, 0, '', ''),
(184, 0, '', ''),
(185, 0, '', ''),
(186, 0, '', ''),
(187, 0, '', ''),
(188, 0, '', ''),
(189, 0, '', ''),
(190, 0, '', ''),
(191, 0, '', ''),
(192, 0, '', ''),
(193, 0, '', ''),
(194, 0, '', ''),
(195, 0, '', ''),
(196, 0, '', ''),
(197, 0, '', ''),
(198, 0, '', ''),
(199, 0, '', ''),
(200, 0, '', ''),
(201, 0, '', ''),
(202, 0, '', ''),
(203, 0, '', ''),
(204, 0, '', ''),
(205, 0, '', ''),
(206, 0, '', ''),
(207, 0, '', ''),
(208, 0, '', ''),
(209, 0, '', ''),
(210, 0, '', ''),
(211, 0, '', ''),
(212, 0, '', ''),
(213, 0, '', ''),
(214, 0, '', ''),
(215, 0, '', ''),
(216, 0, '', ''),
(217, 0, '', ''),
(218, 0, '', ''),
(219, 0, '', ''),
(220, 0, '', ''),
(221, 0, '', ''),
(222, 0, '', ''),
(223, 0, '', ''),
(224, 0, '', ''),
(225, 0, '', ''),
(226, 0, '', ''),
(227, 0, '', ''),
(228, 0, '', ''),
(229, 0, '', ''),
(230, 0, '', ''),
(231, 0, '', ''),
(232, 0, '', ''),
(233, 0, '', ''),
(234, 0, '', ''),
(235, 0, '', ''),
(236, 0, '', ''),
(237, 0, '', ''),
(238, 0, '', ''),
(239, 0, '', ''),
(240, 0, '', ''),
(241, 0, '', ''),
(242, 0, '', ''),
(243, 0, '', ''),
(244, 0, '', ''),
(245, 0, '', ''),
(246, 0, '', ''),
(247, 0, '', ''),
(248, 0, '', ''),
(249, 0, '', ''),
(250, 0, '', ''),
(251, 0, '', ''),
(252, 0, '', ''),
(253, 0, '', ''),
(254, 0, '', ''),
(255, 0, '', ''),
(256, 0, '', ''),
(257, 0, '', ''),
(258, 0, '', ''),
(259, 0, '', ''),
(260, 0, '', ''),
(261, 0, '', ''),
(262, 0, '', ''),
(263, 0, '', ''),
(264, 0, '', ''),
(265, 0, '', ''),
(266, 0, '', ''),
(267, 0, '', ''),
(268, 0, '', ''),
(269, 0, '', ''),
(270, 0, '', ''),
(271, 0, '', ''),
(272, 0, '', ''),
(273, 0, '', ''),
(274, 0, '', ''),
(275, 0, '', ''),
(276, 0, '', ''),
(277, 0, '', ''),
(278, 0, '', ''),
(279, 0, '', ''),
(280, 0, '', ''),
(281, 0, '', ''),
(282, 0, '', ''),
(283, 0, '', ''),
(284, 0, '', ''),
(285, 0, '', ''),
(286, 0, '', ''),
(287, 0, '', ''),
(288, 0, '', ''),
(289, 0, '', ''),
(290, 0, '', ''),
(291, 0, '', ''),
(292, 0, '', ''),
(293, 0, '', ''),
(294, 0, '', ''),
(295, 0, '', ''),
(296, 0, '', ''),
(297, 0, '', ''),
(298, 0, '', ''),
(299, 0, '', ''),
(300, 0, '', ''),
(301, 0, '', ''),
(302, 0, '', ''),
(303, 0, '', ''),
(304, 0, '', ''),
(305, 0, '', ''),
(306, 0, '', ''),
(307, 0, '', ''),
(308, 0, '', ''),
(309, 0, '', ''),
(310, 0, '', ''),
(311, 0, '', ''),
(312, 0, '', ''),
(313, 0, '', ''),
(314, 0, '', ''),
(315, 0, '', ''),
(316, 0, '', ''),
(317, 0, '', ''),
(318, 0, '', ''),
(319, 0, '', ''),
(320, 0, '', ''),
(321, 0, '', ''),
(322, 0, '', ''),
(323, 0, '', ''),
(324, 0, '', ''),
(325, 0, '', ''),
(326, 0, '', ''),
(327, 0, '', ''),
(328, 0, '', ''),
(329, 0, '', ''),
(330, 0, '', ''),
(331, 0, '', ''),
(332, 0, '', ''),
(333, 0, '', ''),
(334, 0, '', ''),
(335, 0, '', ''),
(336, 0, '', ''),
(337, 0, '', ''),
(338, 0, '', ''),
(339, 0, '', ''),
(340, 0, '', ''),
(341, 0, '', ''),
(342, 0, '', ''),
(343, 0, '', ''),
(344, 0, '', ''),
(345, 0, '', ''),
(346, 0, '', ''),
(347, 0, '', ''),
(348, 0, '', ''),
(349, 0, '', ''),
(350, 0, '', ''),
(351, 0, '', ''),
(352, 0, '', ''),
(353, 0, '', ''),
(354, 0, '', ''),
(355, 0, '', ''),
(356, 0, '', ''),
(357, 0, '', ''),
(358, 0, '', ''),
(359, 0, '', ''),
(360, 0, '', ''),
(361, 0, '', ''),
(362, 0, '', ''),
(363, 0, '', ''),
(364, 0, '', ''),
(365, 0, '', ''),
(366, 0, '', ''),
(367, 0, '', ''),
(368, 0, '', ''),
(369, 0, '', ''),
(370, 0, '', ''),
(371, 0, '', ''),
(372, 0, '', ''),
(373, 0, '', ''),
(374, 0, '', ''),
(375, 0, '', ''),
(376, 0, '', ''),
(377, 0, '', ''),
(378, 0, '', ''),
(379, 0, '', ''),
(380, 0, '', ''),
(381, 0, '', ''),
(382, 0, '', ''),
(383, 0, '', ''),
(384, 0, '', ''),
(385, 0, '', ''),
(386, 0, '', ''),
(387, 0, '', ''),
(388, 0, '', ''),
(389, 0, '', ''),
(390, 0, '', ''),
(391, 0, '', ''),
(392, 0, '', ''),
(393, 0, '', ''),
(394, 0, '', ''),
(395, 0, '', ''),
(396, 0, '', ''),
(397, 0, '', ''),
(398, 0, '', ''),
(399, 0, '', ''),
(400, 0, '', ''),
(401, 0, '', ''),
(402, 0, '', ''),
(403, 0, '', ''),
(404, 0, '', ''),
(405, 0, '', ''),
(406, 0, '', ''),
(407, 0, '', ''),
(408, 0, '', ''),
(409, 0, '', ''),
(410, 0, '', ''),
(411, 0, '', ''),
(412, 0, '', ''),
(413, 0, '', ''),
(414, 0, '', ''),
(415, 0, '', ''),
(416, 0, '', ''),
(417, 0, '', ''),
(418, 0, '', ''),
(419, 0, '', ''),
(420, 0, '', ''),
(421, 0, '', ''),
(422, 0, '', ''),
(423, 0, '', ''),
(424, 0, '', ''),
(425, 0, '', ''),
(426, 0, '', ''),
(427, 0, '', ''),
(428, 0, '', ''),
(429, 0, '', ''),
(430, 0, '', ''),
(431, 0, '', ''),
(432, 0, '', ''),
(433, 0, '', ''),
(434, 0, '', ''),
(435, 0, '', ''),
(436, 0, '', ''),
(437, 0, '', ''),
(438, 0, '', ''),
(439, 0, '', ''),
(440, 0, '', ''),
(441, 0, '', ''),
(442, 0, '', ''),
(443, 0, '', ''),
(444, 0, '', ''),
(445, 0, '', ''),
(446, 0, '', ''),
(447, 0, '', ''),
(448, 0, '', ''),
(449, 0, '', ''),
(450, 0, '', ''),
(451, 0, '', ''),
(452, 0, '', ''),
(453, 0, '', ''),
(454, 0, '', ''),
(455, 0, '', ''),
(456, 0, '', ''),
(457, 0, '', ''),
(458, 0, '', ''),
(459, 0, '', ''),
(460, 0, '', ''),
(461, 0, '', ''),
(462, 0, '', ''),
(463, 0, '', ''),
(464, 0, '', ''),
(465, 0, '', ''),
(466, 0, '', ''),
(467, 0, '', ''),
(468, 0, '', ''),
(469, 0, '', ''),
(470, 0, '', ''),
(471, 0, '', ''),
(472, 0, '', ''),
(473, 0, '', ''),
(474, 0, '', ''),
(475, 0, '', ''),
(476, 0, '', ''),
(477, 0, '', ''),
(478, 0, '', ''),
(479, 0, '', ''),
(480, 0, '', ''),
(481, 0, '', ''),
(482, 0, '', ''),
(483, 0, '', ''),
(484, 0, '', ''),
(485, 0, '', ''),
(486, 0, '', ''),
(487, 0, '', ''),
(488, 0, '', ''),
(489, 0, '', ''),
(490, 0, '', ''),
(491, 0, '', ''),
(492, 0, '', ''),
(493, 0, '', ''),
(494, 0, '', ''),
(495, 0, '', ''),
(496, 0, '', ''),
(497, 0, '', ''),
(498, 0, '', '');

-- --------------------------------------------------------

--
-- Table structure for table `suggestions`
--

CREATE TABLE IF NOT EXISTS `suggestions` (
  `id` int(11) NOT NULL AUTO_INCREMENT,
  `url` varchar(255) DEFAULT NULL,
  `name` varchar(255) DEFAULT NULL,
  `suggestion` varchar(255) DEFAULT NULL,
  `comment` text,
  `author` varchar(255) DEFAULT NULL,
  `email` varchar(255) DEFAULT NULL,
  PRIMARY KEY (`id`)
) ENGINE=MyISAM  DEFAULT CHARSET=latin1 AUTO_INCREMENT=93 ;

--
-- Dumping data for table `suggestions`
--


-- --------------------------------------------------------

--
-- Table structure for table `vg_sessions`
--

CREATE TABLE IF NOT EXISTS `vg_sessions` (
  `session_id` varchar(40) NOT NULL DEFAULT '0',
  `ip_address` varchar(16) NOT NULL DEFAULT '0',
  `user_agent` varchar(50) NOT NULL,
  `last_activity` int(10) unsigned NOT NULL DEFAULT '0',
  `user_data` text,
  PRIMARY KEY (`session_id`)
) ENGINE=MyISAM DEFAULT CHARSET=latin1;

--
-- Dumping data for table `vg_sessions`
--


-- --------------------------------------------------------

--
-- Table structure for table `videos`
--

CREATE TABLE IF NOT EXISTS `videos` (
  `id` int(11) NOT NULL AUTO_INCREMENT,
  `name` varchar(255) NOT NULL,
  `searchname` varchar(255) NOT NULL,
  `difficulty` int(11) NOT NULL DEFAULT '0',
  `strength` int(11) NOT NULL DEFAULT '0',
  `flexibility` int(11) NOT NULL DEFAULT '0',
  `invert` tinyint(1) NOT NULL DEFAULT '0',
  `spin` tinyint(1) NOT NULL DEFAULT '0',
  `transition` tinyint(1) NOT NULL DEFAULT '0',
  `url` varchar(255) NOT NULL,
  `image` varchar(255) NOT NULL,
  `video` varchar(255) NOT NULL,
  PRIMARY KEY (`id`)
) ENGINE=MyISAM  DEFAULT CHARSET=utf8 AUTO_INCREMENT=243 ;

--
-- Dumping data for table `videos`
--

INSERT INTO `videos` (`id`, `name`, `searchname`, `difficulty`, `strength`, `flexibility`, `invert`, `spin`, `transition`, `url`, `image`, `video`) VALUES
(1, 'Angel', 'angel', 0, 0, 0, 0, 1, 0, 'angel', 'angel.jpg', 'angel.flv'),
(3, 'Air Shouldermount', 'air shouldermount', 3, 1, 0, 1, 0, 1, 'air-shouldermount', 'air-shouldermount.jpg', 'air-shouldermount.flv'),
(2, 'Ab Pull Up', 'ab pull up', 0, 1, 0, 0, 0, 0, 'ab-pull-up', 'ab-pull-up.jpg', 'ab-pull-up.flv'),
(4, 'Air Walk', 'air walk', 2, 0, 0, 0, 0, 0, 'air-walk', 'air-walk.jpg', 'air-walk.flv'),
(5, 'Anchor Lift', 'anchor lift', 1, 0, 0, 0, 0, 0, 'anchor-lift', 'anchor-lift.jpg', 'anchor-lift.flv'),
(6, 'Angel Variation', 'angel variation', 0, 0, 0, 0, 1, 0, 'angel-variation', 'angel-variation.jpg', 'angel-variation.flv'),
(7, 'Arc', 'arc', 3, 0, 0, 1, 0, 0, 'arc', 'arc.jpg', 'arc.flv'),
(8, 'Armpit Cradle', 'armpit cradle', 3, 0, 0, 0, 0, 0, 'armpit-cradle', 'armpit-cradle.jpg', 'armpit-cradle.flv'),
(9, 'Arms Only Climb Pike', 'arms only climb pike', 3, 1, 0, 0, 0, 0, 'arms-only-climb-pike', 'arms-only-climb-pike.jpg', 'arms-only-climb-pike.flv'),
(10, 'Arms Only Climb Straddle', 'arms only climb straddle', 3, 1, 0, 0, 0, 0, 'arms-only-climb-straddle', 'arms-only-climb-straddle.jpg', 'arms-only-climb-straddle.flv'),
(11, 'Attitude Change', 'attitude change', 2, 1, 0, 0, 0, 1, 'attitude-change', 'attitude-change.jpg', 'attitude-change.flv'),
(13, 'Attitude', 'attitude', 2, 0, 0, 0, 0, 0, 'attitude', 'attitude.jpg', 'attitude.flv'),
(14, 'Viva Slide', 'viva slide', 0, 0, 0, 0, 0, 1, 'viva-slide', 'viva-slide.jpg', 'viva-slide.flv'),
(15, 'Backspin to Stag', 'backspin stag', 2, 0, 1, 0, 1, 1, 'backspin-stag', 'backspin-stag.jpg', 'backspin-stag.flv'),
(16, 'Backwards Roll', 'backwards roll', 0, 0, 0, 1, 0, 1, 'backwards-roll', 'backwards-roll.jpg', 'backwards-roll.flv'),
(17, 'Backwards Chair', 'backwards chair', 0, 0, 0, 0, 1, 0, 'backwards-chair', 'backwards-chair.jpg', 'backwards-chair.flv'),
(18, 'Backwards Hook', 'backwards hook', 0, 0, 0, 0, 1, 0, 'backwards-hook', 'backwards-hook.jpg', 'backwards-hook.flv'),
(19, 'Backwards Hook Variation', 'backwards hook variation', 0, 0, 0, 0, 1, 0, 'backwards-hook-variation', 'backwards-hook-variation.jpg', 'backwards-hook-variation.flv'),
(20, 'Barbed Wire Straddle', 'barbed wire straddle', 1, 1, 1, 0, 0, 1, 'barbed-wire-straddle', 'barbed-wire-straddle.jpg', 'barbed-wire-straddle.flv'),
(21, 'Barbed Wire', 'barbed wire', 0, 0, 0, 0, 0, 0, 'barbed-wire', 'barbed-wire.jpg', 'barbed-wire.flv'),
(22, 'Basic Invert', 'basic invert', 0, 0, 0, 1, 0, 1, 'basic-invert', 'basic-invert.jpg', 'basic-invert.flv'),
(23, 'Bent Leg Crucifix', 'bent leg crucifix', 2, 0, 0, 1, 0, 0, 'bent-leg-crucifix', 'bent-leg-crucifix.jpg', 'bent-leg-crucifix.flv'),
(24, 'Bird', 'bird', 0, 0, 0, 0, 0, 0, 'bird', 'bird.jpg', 'bird.flv'),
(25, 'Blade', 'blade', 1, 0, 0, 1, 0, 0, 'blade', 'blade.jpg', 'blade.flv'),
(26, 'Body Ripple', 'body ripple', 2, 0, 0, 0, 0, 0, 'body-ripple', 'body-ripple.jpg', 'body-ripple.flv'),
(27, 'Body Ripple Transition', 'body ripple transition', 0, 0, 0, 0, 0, 1, 'body-ripple-transition', 'body-ripple-transition.jpg', 'body-ripple-transition.flv'),
(28, 'Bomb', 'bomb', 2, 0, 0, 1, 0, 0, 'bomb', 'bomb.jpg', 'bomb.flv'),
(29, 'Boomerang Hold', 'boomerang hold', 1, 0, 1, 0, 0, 0, 'boomerang-hold', 'boomerang-hold.jpg', 'boomerang-hold.flv'),
(30, 'Boomerang Hold Elbow Grip', 'boomerang hold elbow grip', 2, 0, 1, 0, 0, 0, 'boomerang-hold-elbow-grip', 'boomerang-hold-elbow-grip.jpg', 'boomerang-hold-elbow-grip.flv'),
(31, 'Bouncing Boomerang', 'bouncing boomerang', 2, 0, 0, 0, 1, 0, 'bouncing-boomerang', 'bouncing-boomerang.jpg', 'bouncing-boomerang.flv'),
(32, 'Bowed Handstand', 'bowed handstand', 2, 0, 0, 1, 0, 0, 'bowed-handstand', 'bowed-handstand.jpg', 'bowed-handstand.flv'),
(33, 'Box Splits', 'box splits', 2, 0, 1, 0, 0, 0, 'box-splits', 'box-splits.jpg', 'box-splits.flv'),
(34, 'Bracket Pose', 'bracket pose', 1, 0, 0, 0, 0, 0, 'bracket-pose', 'bracket-pose.jpg', 'bracket-pose.flv'),
(35, 'Brass Bridge', 'brass bridge', 2, 0, 0, 1, 0, 0, 'brass-bridge', 'brass-bridge.jpg', 'brass-bridge.flv'),
(36, 'Brass Monkey', 'brass monkey', 2, 0, 0, 1, 0, 0, 'brass-monkey', 'brass-monkey.jpg', 'brass-monkey.flv'),
(37, 'Bridge', 'bridge', 2, 0, 1, 1, 0, 0, 'bridge', 'bridge.jpg', 'bridge.flv'),
(38, 'Bridge Elbowstand', 'bridge elbowstand', 1, 0, 1, 1, 0, 0, 'bridge-elbowstand', 'bridge-elbowstand.jpg', 'bridge-elbowstand.flv'),
(39, 'Bridge Handstand', 'bridge handstand', 1, 0, 1, 1, 0, 0, 'bridge-handstand', 'bridge-handstand.jpg', 'bridge-handstand.flv'),
(40, 'Bud', 'bud', 3, 0, 1, 0, 0, 0, 'bud', 'bud.jpg', 'bud.flv'),
(41, 'Bullet Spin to Superman', 'bullet spin superman', 2, 0, 0, 0, 1, 1, 'bullet-spin-superman', 'bullet-spin-superman.jpg', 'bullet-spin-superman.flv'),
(42, 'Bumslide to Splits', 'bumslide splits', 2, 0, 1, 1, 0, 1, 'bumslide-splits', 'bumslide-splits.jpg', 'bumslide-splits.flv'),
(43, 'Bumslide to Standing', 'bumslide standing', 1, 0, 1, 1, 0, 1, 'bumslide-standing', 'bumslide-standing.jpg', 'bumslide-standing.flv'),
(44, 'Butterfly Chinese Grip', 'butterfly chinese grip', 2, 0, 0, 1, 0, 0, 'butterfly-chinese-grip', 'butterfly-chinese-grip.jpg', 'butterfly-chinese-grip.flv'),
(45, 'Butterfly Elbow Grip', 'butterfly elbow grip', 2, 0, 0, 1, 0, 0, 'butterfly-elbow-grip', 'butterfly-elbow-grip.jpg', 'butterfly-elbow-grip.flv'),
(46, 'Butterfly Forearm Grip', 'butterfly forearm grip', 2, 0, 0, 1, 0, 0, 'butterfly-forearm-grip', 'butterfly-forearm-grip.jpg', 'butterfly-forearm-grip.flv'),
(47, 'Butterfly Split Grip', 'butterfly split grip', 2, 0, 0, 1, 0, 0, 'butterfly-split-grip', 'butterfly-split-grip.jpg', 'butterfly-split-grip.flv'),
(48, 'Cartwheel', 'cartwheel', 2, 0, 0, 1, 0, 1, 'cartwheel', 'cartwheel.jpg', 'cartwheel.flv'),
(49, 'Caterpillar', 'caterpillar', 1, 0, 0, 1, 0, 1, 'caterpillar', 'caterpillar.jpg', 'caterpillar.flv'),
(50, 'Chinese Flag Attitude Legs', 'chinese flag attitude legs', 3, 0, 0, 1, 0, 0, 'chinese-flag-attitude-legs', 'chinese-flag-attitude-legs.jpg', 'chinese-flag-attitude-legs.flv'),
(51, 'Chinese Pole Climb', 'chinese pole climb', 2, 1, 0, 0, 0, 1, 'chinese-pole-climb', 'chinese-pole-climb.jpg', 'chinese-pole-climb.flv'),
(52, 'Chopper Climb', 'chopper climb', 2, 1, 0, 1, 0, 1, 'chopper-climb', 'chopper-climb.jpg', 'chopper-climb.flv'),
(53, 'Chopper', 'chopper', 1, 0, 0, 1, 0, 0, 'chopper', 'chopper.jpg', 'chopper.flv'),
(54, 'Chopsticks', 'chopsticks', 3, 0, 1, 0, 0, 0, 'chopsticks', 'chopsticks.jpg', 'chopsticks.flv'),
(55, 'Cleopatra', 'cleopatra', 0, 0, 0, 0, 0, 1, 'cleopatra', 'cleopatra.jpg', 'cleopatra.flv'),
(56, 'Climb', 'climb', 1, 1, 0, 0, 0, 1, 'climb', 'climb.jpg', 'climb.flv'),
(57, 'Figurehead', 'figurehead', 1, 0, 0, 0, 0, 0, 'figurehead', 'figurehead.jpg', 'figurehead.flv'),
(58, 'Cross Leg L Climb', 'cross leg l climb', 2, 1, 0, 0, 0, 1, 'cross-leg-l-climb', 'cross-leg-l-climb.jpg', 'cross-leg-l-climb.flv'),
(59, 'Crouching Snake Pose', 'crouching snake pose', 0, 0, 0, 0, 0, 1, 'crouching-snake-pose', 'crouching-snake-pose.jpg', 'crouching-snake-pose.flv'),
(60, 'Daphne', 'daphne', 2, 0, 0, 0, 0, 0, 'daphne', 'daphne.jpg', 'daphne.flv'),
(61, 'Dark Pixie Pose', 'dark pixie pose', 1, 0, 0, 1, 0, 0, 'dark-pixie-pose', 'dark-pixie-pose.jpg', 'dark-pixie-pose.flv'),
(63, 'Dart', 'dart', 2, 0, 0, 0, 0, 0, 'dart', 'dart.jpg', 'dart.flv'),
(64, 'Death Lay', 'death lay', 3, 0, 0, 1, 0, 0, 'death-lay', 'death-lay.jpg', 'death-lay.flv'),
(65, 'Dismount One Armed Slide', 'dismount one armed slide', 2, 1, 0, 0, 0, 1, 'dismount-one-armed-slide', 'dismount-one-armed-slide.jpg', 'dismount-one-armed-slide.flv'),
(66, 'Frodo', 'frodo', 2, 0, 0, 0, 0, 0, 'frodo', 'frodo.jpg', 'frodo.flv'),
(67, 'Double Brass Monkey', 'double brass monkey', 3, 0, 0, 0, 1, 0, 'double-brass-monkey', 'double-brass-monkey.jpg', 'double-brass-monkey.flv'),
(68, 'Drama Queen', 'drama queen', 1, 0, 0, 0, 0, 0, 'drama-queen', 'drama-queen.jpg', 'drama-queen.flv'),
(69, 'E Pose', 'e pose', 2, 0, 0, 0, 0, 0, 'e-pose', 'e-pose.jpg', 'e-pose.flv'),
(70, 'Elbow Grip Aysha', 'elbow grip aysha', 2, 0, 0, 1, 0, 0, 'elbow-grip-aysha', 'elbow-grip-aysha.jpg', 'elbow-grip-aysha.flv'),
(71, 'Embrace', 'embrace', 2, 0, 0, 0, 0, 0, 'embrace', 'embrace.jpg', 'embrace.flv'),
(72, 'Eros', 'eros', 2, 0, 0, 1, 0, 0, 'eros', 'eros.jpg', 'eros.flv'),
(73, 'Explosion', 'explosion', 0, 0, 0, 0, 1, 0, 'explosion', 'explosion.jpg', 'explosion.flv'),
(74, 'Extended Brass Monkey', 'extended brass monkey', 3, 0, 1, 1, 0, 0, 'extended-brass-monkey', 'extended-brass-monkey.jpg', 'extended-brass-monkey.flv'),
(75, 'Extended Butterfly Chinese Grip', 'extended butterfly chinese grip', 3, 0, 1, 1, 0, 0, 'extended-butterfly-chinese-grip', 'extended-butterfly-chinese-grip.jpg', 'extended-butterfly-chinese-grip.flv'),
(76, 'Extended Butterfly', 'extended butterfly', 3, 0, 1, 1, 0, 0, 'extended-butterfly', 'extended-butterfly.jpg', 'extended-butterfly.flv'),
(77, 'Extended Frodo', 'extended frodo', 3, 0, 1, 1, 0, 0, 'extended-frodo', 'extended-frodo.jpg', 'extended-frodo.flv'),
(78, 'Extended Pencil', 'extended pencil', 3, 0, 1, 1, 0, 0, 'extended-pencil', 'extended-pencil.jpg', 'extended-pencil.flv'),
(79, 'Wrist Seat', 'wrist seat', 1, 0, 0, 0, 0, 0, 'wrist-seat', 'wrist-seat.jpg', 'wrist-seat.flv'),
(81, 'Fairy', 'fairy', 0, 0, 0, 0, 1, 0, 'fairy', 'fairy.jpg', 'fairy.flv'),
(82, 'Cross Ankle Release Abs', 'cross ankle release abs', 1, 1, 0, 1, 0, 0, 'cross-ankle-release-abs', 'cross-ankle-release-abs.jpg', 'cross-ankle-release-abs.flv'),
(83, 'Cross Ankle Release', 'cross ankle release', 1, 0, 0, 1, 0, 0, 'cross-ankle-release', 'cross-ankle-release.jpg', 'cross-ankle-release.flv'),
(84, 'Fireman', 'fireman', 0, 0, 0, 0, 1, 0, 'fireman', 'fireman.jpg', 'fireman.flv'),
(85, 'Flag', 'flag', 2, 1, 0, 0, 0, 0, 'flag', 'flag.jpg', 'flag.flv'),
(86, 'Flatlined Scorpio', 'flatlined scorpio', 2, 0, 1, 0, 0, 0, 'flatlined-scorpio', 'flatlined-scorpio.jpg', 'flatlined-scorpio.flv'),
(87, 'Carousel Transition', 'carousel transition', 1, 0, 0, 0, 1, 0, 'carousel-transition', 'carousel-transition.jpg', 'carousel-transition.flv'),
(88, 'Carousel', 'carousel', 0, 0, 0, 0, 1, 0, 'carousel', 'carousel.jpg', 'carousel.flv'),
(89, 'Floating Ballerina', 'floating ballerina', 3, 0, 0, 0, 0, 0, 'floating-ballerina', 'floating-ballerina.jpg', 'floating-ballerina.flv'),
(90, 'Flyer', 'flyer', 2, 0, 0, 1, 0, 0, 'flyer', 'flyer.jpg', 'flyer.flv'),
(91, 'Flying ballerina', 'flying ballerina', 3, 0, 0, 0, 0, 0, 'flying-ballerina', 'flying-ballerina.jpg', 'flying-ballerina.flv'),
(92, 'Flying Cupid', 'flying cupid', 2, 0, 0, 0, 0, 0, 'flying-cupid', 'flying-cupid.jpg', 'flying-cupid.flv'),
(93, 'Flying K', 'flying k', 3, 0, 0, 1, 0, 0, 'flying-k', 'flying-k.jpg', 'flying-k.flv'),
(94, 'Flying Showgirl', 'flying showgirl', 0, 0, 0, 0, 1, 0, 'flying-showgirl', 'flying-showgirl.jpg', 'flying-showgirl.flv'),
(95, 'Forward Attitude Handstand', 'forward attitude handstand', 1, 0, 0, 1, 0, 0, 'forward-attitude-handstand', 'forward-attitude-handstand.jpg', 'forward-attitude-handstand.flv'),
(96, 'Forwards Chair', 'forwards chair', 0, 0, 0, 0, 1, 0, 'forwards-chair', 'forwards-chair.jpg', 'forwards-chair.flv'),
(97, 'Frog', 'frog', 1, 0, 0, 0, 0, 0, 'frog', 'frog.jpg', 'frog.flv'),
(98, 'Front Attitude', 'front attitude', 0, 0, 0, 0, 0, 0, 'front-attitude', 'front-attitude.jpg', 'front-attitude.flv'),
(99, 'Front Pose', 'front pose', 0, 0, 0, 0, 0, 1, 'front-pose', 'front-pose.jpg', 'front-pose.flv'),
(100, 'Funky Monkey', 'funky monkey', 2, 0, 0, 1, 0, 0, 'funky-monkey', 'funky-monkey.jpg', 'funky-monkey.flv'),
(101, 'Gazelle Change', 'gazelle change', 2, 0, 0, 1, 0, 0, 'gazelle-change', 'gazelle-change.jpg', 'gazelle-change.flv'),
(102, 'Gemini Handstand', 'gemini handstand', 2, 0, 0, 1, 0, 0, 'gemini-handstand', 'gemini-handstand.jpg', 'gemini-handstand.flv'),
(103, 'Inside Leg Hang', 'inside leg hang', 1, 0, 0, 1, 0, 0, 'inside-leg-hang', 'inside-leg-hang.jpg', 'inside-leg-hang.flv'),
(104, 'Gold Rush', 'gold rush', 1, 0, 0, 1, 0, 0, 'gold-rush', 'gold-rush.jpg', 'gold-rush.flv'),
(105, 'Hair Flick', 'hair flick', 0, 0, 0, 0, 0, 1, 'hair-flick', 'hair-flick.jpg', 'hair-flick.flv'),
(106, 'Half Chopper', 'half chopper', 0, 0, 0, 1, 0, 0, 'half-chopper', 'half-chopper.jpg', 'half-chopper.flv'),
(107, 'Half Flag Mount', 'half flag mount', 2, 0, 0, 1, 0, 1, 'half-flag-mount', 'half-flag-mount.jpg', 'half-flag-mount.flv'),
(108, 'Handstand Against the Pole', 'handstand against pole', 1, 0, 0, 1, 0, 0, 'handstand-against-pole', 'handstand-against-pole.jpg', 'handstand-against-pole.flv'),
(109, 'Handstand Slide Down', 'handstand slide down', 1, 0, 0, 1, 0, 0, 'handstand-slide-down', 'handstand-slide-down.jpg', 'handstand-slide-down.flv'),
(110, 'Hang Tough', 'hang tough', 0, 1, 0, 0, 0, 0, 'hang-tough', 'hang-tough.jpg', 'hang-tough.flv'),
(111, 'Hangman', 'hangman', 2, 0, 0, 0, 0, 0, 'hangman', 'hangman.jpg', 'hangman.flv'),
(112, 'Headstand', 'headstand', 1, 0, 0, 1, 0, 0, 'headstand', 'headstand.jpg', 'headstand.flv'),
(113, 'Hercules into Superman', 'hercules superman', 2, 0, 0, 1, 0, 1, 'hercules-superman', 'hercules-superman.jpg', 'hercules-superman.flv'),
(114, 'Hero', 'hero', 1, 0, 0, 1, 0, 0, 'hero', 'hero.jpg', 'hero.flv'),
(115, 'High Kick Hold', 'high kick hold', 1, 1, 0, 0, 0, 0, 'high-kick-hold', 'high-kick-hold.jpg', 'high-kick-hold.flv'),
(116, 'High Kick', 'high kick', 0, 0, 0, 0, 0, 0, 'high-kick', 'high-kick.jpg', 'high-kick.flv'),
(117, 'Hip Hold', 'hip hold', 1, 0, 0, 0, 0, 0, 'hip-hold', 'hip-hold.jpg', 'hip-hold.flv'),
(118, 'Hip Lock Change', 'hip lock change', 3, 0, 0, 0, 0, 1, 'hip-lock-change', 'hip-lock-change.jpg', 'hip-lock-change.flv'),
(119, 'Hip Lock Drop', 'hip lock drop', 3, 0, 0, 0, 0, 1, 'hip-lock-drop', 'hip-lock-drop.jpg', 'hip-lock-drop.flv'),
(120, 'Hip Lock Walk Down', 'hip lock walk down', 2, 0, 0, 1, 0, 1, 'hip-lock-walk-down', 'hip-lock-walk-down.jpg', 'hip-lock-walk-down.flv'),
(121, 'Hip Lock', 'hip lock', 1, 0, 0, 0, 0, 0, 'hip-lock', 'hip-lock.jpg', 'hip-lock.flv'),
(122, 'Hip Swivel', 'hip swivel', 2, 0, 1, 0, 0, 0, 'hip-swivel', 'hip-swivel.jpg', 'hip-swivel.flv'),
(123, 'Hood Ornament', 'hood ornament', 1, 0, 0, 0, 0, 0, 'hood-ornament', 'hood-ornament.jpg', 'hood-ornament.flv'),
(124, 'Rubber Pencil', 'rubber pencil', 2, 0, 1, 1, 0, 0, 'rubber-pencil', 'rubber-pencil.jpg', 'rubber-pencil.flv'),
(125, 'Hook Handstand', 'hook handstand', 1, 0, 1, 1, 0, 0, 'hook-handstand', 'hook-handstand.jpg', 'hook-handstand.flv'),
(126, 'Crucifix', 'crucifix', 0, 0, 0, 0, 0, 0, 'crucifix', 'crucifix.jpg', 'crucifix.flv'),
(127, 'Crucifix Splits', 'crucifix splits', 2, 0, 1, 0, 0, 0, 'crucifix-splits', 'crucifix-splits.jpg', 'crucifix-splits.flv'),
(128, 'Iguana', 'iguana', 2, 0, 0, 1, 0, 0, 'iguana', 'iguana.jpg', 'iguana.flv'),
(129, 'Inverted Bees Knees', 'inverted bees knees', 2, 0, 0, 1, 0, 0, 'inverted-bees-knees', 'inverted-bees-knees.jpg', 'inverted-bees-knees.flv'),
(130, 'Inverted D', 'inverted d', 2, 0, 0, 1, 0, 0, 'inverted-d', 'inverted-d.jpg', 'inverted-d.flv'),
(131, 'Inverted Pike', 'inverted pike', 2, 0, 0, 1, 0, 0, 'inverted-pike', 'inverted-pike.jpg', 'inverted-pike.flv'),
(132, 'Inverted Scissors', 'inverted scissors', 1, 0, 0, 1, 0, 0, 'inverted-scissors', 'inverted-scissors.jpg', 'inverted-scissors.flv'),
(133, 'Jacknife', 'jacknife', 2, 0, 0, 1, 0, 0, 'jacknife', 'jacknife.jpg', 'jacknife.flv'),
(134, 'Jade', 'jade', 3, 0, 1, 1, 0, 0, 'jade', 'jade.jpg', 'jade.flv'),
(135, 'Jamilia', 'jamilia', 1, 0, 0, 0, 0, 0, 'jamilia', 'jamilia.jpg', 'jamilia.flv'),
(136, 'Knee Hold', 'knee hold', 2, 0, 0, 0, 0, 0, 'knee-hold', 'knee-hold.jpg', 'knee-hold.flv'),
(137, 'Knee Swing', 'knee swing', 2, 0, 0, 0, 0, 0, 'knee-swing', 'knee-swing.jpg', 'knee-swing.flv'),
(138, 'L-shaped Handstand', 'l shaped handstand', 1, 0, 0, 1, 0, 0, 'l-shaped-handstand', 'l-shaped-handstand.jpg', 'l-shaped-handstand.flv'),
(139, 'La Roue', 'la roue', 3, 0, 0, 0, 0, 0, 'la-roue', 'la-roue.jpg', 'la-roue.flv'),
(140, 'Lay Back Spin', 'lay back spin', 1, 0, 0, 0, 1, 0, 'lay-back-spin', 'lay-back-spin.jpg', 'lay-back-spin.flv'),
(141, 'Plank', 'plank', 2, 0, 0, 0, 0, 0, 'plank', 'plank.jpg', 'plank.flv'),
(142, 'Cross Leg Release', 'cross leg release', 0, 0, 0, 1, 0, 0, 'cross-leg-release', 'cross-leg-release.jpg', 'cross-leg-release.flv'),
(143, 'Lean Back', 'lean back', 0, 0, 0, 0, 0, 1, 'lean-back', 'lean-back.jpg', 'lean-back.flv'),
(144, 'Lean Forward', 'lean forward', 0, 0, 0, 0, 0, 1, 'lean-forward', 'lean-forward.jpg', 'lean-forward.flv'),
(145, 'Leg Hook', 'leg hook', 0, 0, 0, 0, 0, 1, 'leg-hook', 'leg-hook.jpg', 'leg-hook.flv'),
(146, 'Leg Lock', 'leg lock', 2, 0, 0, 1, 0, 0, 'leg-lock', 'leg-lock.jpg', 'leg-lock.flv'),
(147, 'Lola Mount', 'lola mount', 3, 0, 0, 1, 0, 1, 'lola-mount', 'lola-mount.jpg', 'lola-mount.flv'),
(148, 'Louise', 'louise', 2, 0, 0, 1, 0, 0, 'louise', 'louise.jpg', 'louise.flv'),
(149, 'Marley', 'marley', 0, 0, 0, 0, 0, 0, 'marley', 'marley.jpg', 'marley.flv'),
(150, 'Medusa Legs', 'medusa legs', 0, 0, 0, 1, 0, 1, 'medusa-legs', 'medusa-legs.jpg', 'medusa-legs.flv'),
(151, 'Ninja', 'ninja', 3, 0, 0, 1, 0, 0, 'ninja', 'ninja.jpg', 'ninja.flv'),
(152, 'Dangerous Brain', 'dangerous brain', 2, 0, 0, 1, 0, 0, 'dangerous-brain', 'dangerous-brain.jpg', 'dangerous-brain.flv'),
(153, 'Nutter', 'nutter', 2, 0, 0, 0, 0, 0, 'nutter', 'nutter.jpg', 'nutter.flv'),
(154, 'One Armed Flag', 'one armed flag', 3, 0, 0, 0, 0, 0, 'one-armed-flag', 'one-armed-flag.jpg', 'one-armed-flag.flv'),
(155, 'One Handed Bow and Arrow', 'one handed bow arrow', 2, 0, 0, 1, 0, 0, 'one-handed-bow-arrow', 'one-handed-bow-arrow.jpg', 'one-handed-bow-arrow.flv'),
(156, 'One Hander', 'one hander', 0, 0, 0, 0, 0, 0, 'one-hander', 'one-hander.jpg', 'one-hander.flv'),
(157, 'Pencil Attitude', 'pencil attitude', 2, 0, 0, 1, 0, 0, 'pencil-attitude', 'pencil-attitude.jpg', 'pencil-attitude.flv'),
(158, 'Pencil Grip Bow and Arrow', 'pencil grip bow arrow', 2, 0, 0, 1, 0, 0, 'pencil-grip-bow-arrow', 'pencil-grip-bow-arrow.jpg', 'pencil-grip-bow-arrow.flv'),
(159, 'Pencil', 'pencil', 2, 0, 0, 1, 0, 0, 'pencil', 'pencil.jpg', 'pencil.flv'),
(160, 'Peter Pan', 'peter pan', 1, 0, 0, 0, 0, 0, 'peter-pan', 'peter-pan.jpg', 'peter-pan.flv'),
(161, 'Pike Spin', 'pike spin', 1, 0, 0, 0, 1, 0, 'pike-spin', 'pike-spin.jpg', 'pike-spin.flv'),
(162, 'Pirouette Pose', 'pirouette pose', 0, 0, 0, 0, 0, 1, 'pirouette-pose', 'pirouette-pose.jpg', 'pirouette-pose.flv'),
(163, 'Pointer', 'pointer', 0, 0, 0, 0, 0, 0, 'pointer', 'pointer.jpg', 'pointer.flv'),
(164, 'Pole Pull Up', 'pole pull up', 0, 1, 0, 0, 0, 0, 'pole-pull-up', 'pole-pull-up.jpg', 'pole-pull-up.flv'),
(165, 'Pole Push Up', 'pole push up', 1, 1, 0, 1, 0, 0, 'pole-push-up', 'pole-push-up.jpg', 'pole-push-up.flv'),
(166, 'Power Hold', 'power hold', 0, 0, 0, 0, 0, 0, 'power-hold', 'power-hold.jpg', 'power-hold.flv'),
(167, 'Pretty Grip Flag with Attitude Legs', 'pretty grip flag attitude legs', 2, 0, 0, 0, 0, 0, 'pretty-grip-flag-attitude-legs', 'pretty-grip-flag-attitude-legs.jpg', 'pretty-grip-flag-attitude-legs.flv'),
(168, 'Rest Pose', 'rest pose', 1, 0, 0, 0, 0, 1, 'rest-pose', 'rest-pose.jpg', 'rest-pose.flv'),
(169, 'Reverse Climb', 'reverse climb', 2, 0, 0, 1, 0, 1, 'reverse-climb', 'reverse-climb.jpg', 'reverse-climb.flv'),
(170, 'Outside Leg Hang', 'outside leg hang', 1, 0, 0, 1, 0, 0, 'outside-leg-hang', 'outside-leg-hang.jpg', 'outside-leg-hang.flv'),
(171, 'Reverse Grab', 'reverse grab', 1, 0, 0, 0, 1, 0, 'reverse-grab', 'reverse-grab.jpg', 'reverse-grab.flv'),
(172, 'Rocketman', 'rocketman', 3, 0, 0, 0, 0, 0, 'rocketman', 'rocketman.jpg', 'rocketman.flv'),
(173, 'Rockstar', 'rockstar', 3, 0, 0, 0, 0, 0, 'rockstar', 'rockstar.jpg', 'rockstar.flv'),
(174, 'Rubber Aysha', 'rubber aysha', 3, 0, 0, 1, 0, 0, 'rubber-aysha', 'rubber-aysha.jpg', 'rubber-aysha.flv'),
(175, 'Rubber Fiona', 'rubber fiona', 3, 0, 0, 1, 0, 0, 'rubber-fiona', 'rubber-fiona.jpg', 'rubber-fiona.flv'),
(176, 'Rubber Handstand', 'rubber handstand', 3, 0, 0, 1, 0, 0, 'rubber-handstand', 'rubber-handstand.jpg', 'rubber-handstand.flv'),
(177, 'Rubber Marksmen', 'rubber marksmen', 3, 0, 0, 1, 0, 0, 'rubber-marksmen', 'rubber-marksmen.jpg', 'rubber-marksmen.flv'),
(178, 'Running Girl', 'running girl', 1, 0, 0, 0, 0, 1, 'running-girl', 'running-girl.jpg', 'running-girl.flv'),
(179, 'Russian Splits', 'russian splits', 0, 0, 0, 0, 0, 0, 'russian-splits', 'russian-splits.jpg', 'russian-splits.flv'),
(180, 'Scorpio Hang Inside Leg', 'scorpio hang inside leg', 1, 0, 0, 1, 0, 0, 'scorpio-hang-inside-leg', 'scorpio-hang-inside-leg.jpg', 'scorpio-hang-inside-leg.flv'),
(181, 'Seated Spinner', 'seated spinner', 0, 0, 0, 0, 1, 0, 'seated-spinner', 'seated-spinner.jpg', 'seated-spinner.flv'),
(182, 'Inverted Crucifix', 'inverted crucifix', 0, 0, 0, 1, 0, 0, 'inverted-crucifix', 'inverted-crucifix.jpg', 'inverted-crucifix.flv'),
(183, 'Sexy Bomber', 'sexy bomber', 0, 0, 0, 0, 0, 1, 'sexy-bomber', 'sexy-bomber.jpg', 'sexy-bomber.flv'),
(184, 'Sexy Sit Up', 'sexy sit up', 0, 0, 0, 0, 0, 1, 'sexy-sit-up', 'sexy-sit-up.jpg', 'sexy-sit-up.flv'),
(185, 'Shouldermount Double Cupped Grip', 'shouldermount double cupped grip', 2, 0, 0, 1, 0, 0, 'shouldermount-double-cupped-grip', 'shouldermount-double-cupped-grip.jpg', 'shouldermount-double-cupped-grip.flv'),
(186, 'Shouldermount Princess Grip', 'shouldermount princess grip', 2, 0, 0, 1, 0, 0, 'shouldermount-princess-grip', 'shouldermount-princess-grip.jpg', 'shouldermount-princess-grip.flv'),
(187, 'Shouldermount Split Grip', 'shouldermount split grip', 2, 0, 0, 1, 0, 0, 'shouldermount-split-grip', 'shouldermount-split-grip.jpg', 'shouldermount-split-grip.flv'),
(188, 'Monkey Drop', 'monkey drop', 2, 0, 0, 1, 0, 1, 'monkey-drop', 'monkey-drop.jpg', 'monkey-drop.flv'),
(189, 'Shouldermount Jacknife', 'shouldermount jacknife', 2, 0, 0, 1, 0, 0, 'shouldermount-jacknife', 'shouldermount-jacknife.jpg', 'shouldermount-jacknife.flv'),
(190, 'Shouldermount Repetition', 'shouldermount repetition', 3, 1, 0, 1, 0, 1, 'shouldermount-repetition', 'shouldermount-repetition.jpg', 'shouldermount-repetition.flv'),
(191, 'Shouldermount Respect Grip', 'shouldermount respect grip', 2, 0, 0, 1, 0, 0, 'shouldermount-respect-grip', 'shouldermount-respect-grip.jpg', 'shouldermount-respect-grip.flv'),
(192, 'Shouldermount Roll to Splits', 'shouldermount roll splits', 2, 0, 0, 1, 0, 1, 'shouldermount-roll-splits', 'shouldermount-roll-splits.jpg', 'shouldermount-roll-splits.flv'),
(193, 'Shouldermount Splits', 'shouldermount splits', 2, 0, 0, 1, 0, 0, 'shouldermount-splits', 'shouldermount-splits.jpg', 'shouldermount-splits.flv'),
(194, 'Shouldermount from Floor', 'shouldermount floor', 2, 0, 0, 1, 0, 1, 'shouldermount-floor', 'shouldermount-floor.jpg', 'shouldermount-floor.flv'),
(195, 'Shouldermount into Superman Variation', 'shouldermount superman variation', 2, 0, 0, 1, 0, 1, 'shouldermount-superman-variation', 'shouldermount-superman-variation.jpg', 'shouldermount-superman-variation.flv'),
(196, 'Shouldermount', 'shouldermount', 2, 0, 0, 1, 0, 0, 'shouldermount', 'shouldermount.jpg', 'shouldermount.flv'),
(197, 'Showgirl Pose', 'showgirl pose', 0, 0, 0, 0, 0, 1, 'showgirl-pose', 'showgirl-pose.jpg', 'showgirl-pose.flv'),
(198, 'Side Climb', 'side climb', 2, 0, 0, 0, 0, 1, 'side-climb', 'side-climb.jpg', 'side-climb.flv'),
(199, 'Sit', 'sit', 0, 0, 0, 0, 0, 0, 'sit', 'sit.jpg', 'sit.flv'),
(200, 'Skater Elbow Grip', 'skater elbow grip', 1, 0, 0, 0, 0, 0, 'skater-elbow-grip', 'skater-elbow-grip.jpg', 'skater-elbow-grip.flv'),
(201, 'Skater Forearm Grip', 'skater forearm grip', 1, 0, 0, 0, 0, 0, 'skater-forearm-grip', 'skater-forearm-grip.jpg', 'skater-forearm-grip.flv'),
(202, 'Slide Down Through Plank', 'slide down plank', 1, 0, 0, 1, 0, 0, 'slide-down-plank', 'slide-down-plank.jpg', 'slide-down-plank.flv'),
(203, 'Small Pirouette ', 'small pirouette', 3, 0, 0, 0, 0, 1, 'small-pirouette', 'small-pirouette.jpg', 'small-pirouette.flv'),
(204, 'Spin to Stand', 'spin stand', 1, 0, 0, 0, 1, 0, 'spin-stand', 'spin-stand.jpg', 'spin-stand.flv'),
(205, 'Front Hook', 'front hook', 0, 0, 0, 0, 1, 0, 'front-hook', 'front-hook.jpg', 'front-hook.flv'),
(206, 'Spinner Variation', 'spinner variation', 0, 0, 0, 0, 1, 0, 'spinner-variation', 'spinner-variation.jpg', 'spinner-variation.flv'),
(207, 'Spinning Chopper', 'spinning chopper', 2, 0, 0, 0, 1, 0, 'spinning-chopper', 'spinning-chopper.jpg', 'spinning-chopper.flv'),
(208, 'Spinning Superman', 'spinning superman', 1, 0, 0, 0, 1, 0, 'spinning-superman', 'spinning-superman.jpg', 'spinning-superman.flv'),
(209, 'Split Flag', 'split flag', 3, 0, 1, 0, 0, 0, 'split-flag', 'split-flag.jpg', 'split-flag.flv'),
(210, 'Split Grip Aysha', 'split grip aysha', 3, 0, 0, 1, 0, 0, 'split-grip-aysha', 'split-grip-aysha.jpg', 'split-grip-aysha.flv'),
(211, 'Split Grip Chinese Style Rubber Aysha', 'split grip chinese style rubber aysha', 3, 0, 0, 1, 0, 0, 'split-grip-chinese-style-rubber-aysha', 'split-grip-chinese-style-rubber-aysha.jpg', 'split-grip-chinese-style-rubber-aysha.flv'),
(212, 'Split Grip Marksmen', 'split grip marksmen', 3, 0, 0, 1, 0, 0, 'split-grip-marksmen', 'split-grip-marksmen.jpg', 'split-grip-marksmen.flv'),
(213, 'Split Pencil', 'split pencil', 2, 0, 0, 1, 0, 0, 'split-pencil', 'split-pencil.jpg', 'split-pencil.flv'),
(214, 'Split V', 'split v', 3, 0, 0, 1, 0, 0, 'split-v', 'split-v.jpg', 'split-v.flv'),
(215, 'Splits Marksmen', 'splits marksmen', 3, 0, 0, 1, 0, 0, 'splits-marksmen', 'splits-marksmen.jpg', 'splits-marksmen.flv'),
(216, 'Standing Snake Pose', 'standing snake pose', 0, 0, 0, 0, 0, 1, 'standing-snake-pose', 'standing-snake-pose.jpg', 'standing-snake-pose.flv'),
(217, 'Star', 'star', 1, 0, 0, 0, 0, 0, 'star', 'star.jpg', 'star.flv'),
(218, 'Stargazer', 'stargazer', 0, 0, 0, 0, 0, 0, 'stargazer', 'stargazer.jpg', 'stargazer.flv'),
(219, 'Step through', 'step through', 3, 0, 0, 0, 0, 1, 'step-through', 'step-through.jpg', 'step-through.flv'),
(220, 'Step, Step, Step', 'step step step', 0, 0, 0, 0, 0, 1, 'step-step-step', 'step-step-step.jpg', 'step-step-step.flv'),
(221, 'Stokey', 'stokey', 0, 0, 0, 0, 0, 0, 'stokey', 'stokey.jpg', 'stokey.flv'),
(222, 'Straddle Handstand', 'straddle handstand', 1, 0, 0, 1, 0, 0, 'straddle-handstand', 'straddle-handstand.jpg', 'straddle-handstand.flv'),
(223, 'Straight Edge', 'straight edge', 2, 0, 0, 1, 0, 0, 'straight-edge', 'straight-edge.jpg', 'straight-edge.flv'),
(224, 'Sumo Squat', 'sumo squat', 0, 0, 0, 0, 0, 1, 'sumo-squat', 'sumo-squat.jpg', 'sumo-squat.flv'),
(225, 'Superman', 'superman', 2, 0, 0, 1, 0, 0, 'superman', 'superman.jpg', 'superman.flv'),
(226, 'Swan', 'swan', 0, 0, 0, 0, 0, 0, 'swan', 'swan.jpg', 'swan.flv'),
(227, 'Tabletop', 'tabletop', 3, 0, 0, 0, 0, 0, 'tabletop', 'tabletop.jpg', 'tabletop.flv'),
(228, 'Teddy', 'teddy', 2, 0, 0, 0, 0, 0, 'teddy', 'teddy.jpg', 'teddy.flv'),
(229, 'Jay', 'jay', 0, 0, 0, 0, 1, 0, 'jay', 'jay.jpg', 'jay.flv'),
(230, 'Transition Up the Pole', 'transition up pole', 2, 0, 0, 1, 0, 1, 'transition-up-pole', 'transition-up-pole.jpg', 'transition-up-pole.flv'),
(231, 'Twisted Arch', 'twisted arch', 3, 0, 0, 1, 0, 0, 'twisted-arch', 'twisted-arch.jpg', 'twisted-arch.flv'),
(232, 'Twisted Attitude', 'twisted attitude', 3, 0, 0, 1, 0, 0, 'twisted-attitude', 'twisted-attitude.jpg', 'twisted-attitude.flv'),
(233, 'Twisted Aysha', 'twisted aysha', 3, 0, 0, 1, 0, 0, 'twisted-aysha', 'twisted-aysha.jpg', 'twisted-aysha.flv'),
(234, 'Twisted Candlestick', 'twisted candlestick', 3, 0, 0, 1, 0, 0, 'twisted-candlestick', 'twisted-candlestick.jpg', 'twisted-candlestick.flv'),
(235, 'Twisted Monkey', 'twisted monkey', 3, 0, 0, 1, 0, 0, 'twisted-monkey', 'twisted-monkey.jpg', 'twisted-monkey.flv'),
(236, 'U Bend', 'u bend', 3, 0, 0, 1, 0, 0, 'u-bend', 'u-bend.jpg', 'u-bend.flv'),
(237, 'Hand Spring Chinese Grip', 'hand spring chinese grip', 2, 0, 0, 1, 0, 0, 'hand-spring-chinese-grip', 'hand-spring-chinese-grip.jpg', 'hand-spring-chinese-grip.flv'),
(238, 'Viva Sit', 'viva sit', 0, 0, 0, 0, 0, 0, 'viva-sit', 'viva-sit.jpg', 'viva-sit.flv'),
(239, 'Walk Down Pole', 'walk down pole', 0, 0, 0, 0, 0, 1, 'walk-down-pole', 'walk-down-pole.jpg', 'walk-down-pole.flv'),
(240, 'Walk and Twizzle', 'walk twizzle', 0, 0, 0, 0, 0, 1, 'walk-twizzle', 'walk-twizzle.jpg', 'walk-twizzle.flv'),
(241, 'Yogini', 'yogini', 2, 0, 0, 0, 0, 0, 'yogini', 'yogini.jpg', 'yogini.flv'),
(242, 'Zig Zag', 'zig zag', 3, 0, 0, 1, 0, 0, 'zig-zag', 'zig-zag.jpg', 'zig-zag.flv');
